"activation_id","client_id","forfait_name","trans_amount","trans_date","validity_days","data_allocated_mb","minutes_allocated","sms_allocated","channel"
"A1001_202410_1","1001","Forfait Mixte S","24.65","2024-10-17","9","7883","146","85","USSD"
"A1001_202410_2","1001","Forfait Data 5GB","37.37","2024-10-08","19","2855","31","560","POS"
"A1001_202411_1","1001","Forfait Data 10GB","57.02","2024-11-01","9","6759","891","983","Web"
"A1001_202411_2","1001","Forfait Data 5GB","5.77","2024-11-12","8","750","210","896","Web"
"A1001_202412_1","1001","Forfait Voix Plus","76.71","2024-12-25","13","7212","372","204","Web"
"A1001_202412_2","1001","Forfait Data 10GB","14.8","2024-12-21","17","7506","849","1237","Mobile App"
"A1001_202501_1","1001","Forfait Data 5GB","41.43","2025-01-09","20","11992","333","1287","Web"
"A1001_202501_2","1001","Forfait Data 10GB","48.59","2025-01-24","12","11486","89","717","Web"
"A1002_202410_1","1002","Forfait Mixte S","31.48","2024-10-15","13","5313","191","1189","POS"
"A1002_202410_2","1002","Forfait Voix Plus","35","2024-10-15","30","8451","218","480","POS"
"A1002_202411_1","1002","Forfait Mixte S","37.56","2024-11-11","8","11024","747","1242","USSD"
"A1002_202411_2","1002","Forfait Mixte S","52.88","2024-11-03","17","887","20","983","Web"
"A1002_202412_1","1002","Forfait Voix Plus","21.32","2024-12-16","4","2091","428","585","POS"
"A1002_202412_2","1002","Forfait Voix Plus","30.53","2024-12-08","15","7541","487","84","Web"
"A1002_202501_1","1002","Forfait Mixte S","58.32","2025-01-04","15","10949","398","1239","USSD"
"A1002_202501_2","1002","Forfait Mixte S","63.22","2025-01-15","3","3747","654","579","Web"
"A1003_202410_1","1003","Forfait Data 10GB","68.46","2024-10-26","11","6000","465","72","POS"
"A1003_202410_2","1003","Forfait Mixte S","14.7","2024-10-17","26","5686","724","362","USSD"
"A1003_202411_1","1003","Forfait Voix Plus","37.09","2024-11-05","10","9940","684","618","USSD"
"A1003_202411_2","1003","Forfait Mixte M","66.04","2024-11-06","7","7185","662","888","Web"
"A1003_202412_1","1003","Forfait Mixte M","73.41","2024-12-04","29","9409","66","1234","POS"
"A1003_202412_2","1003","Forfait Mixte S","28.72","2024-12-04","13","1590","638","386","POS"
"A1003_202501_1","1003","Forfait Mixte M","43.69","2025-01-18","9","8136","156","1083","POS"
"A1003_202501_2","1003","Forfait Mixte M","13.41","2025-01-18","11","5265","767","718","USSD"
"A1004_202410_1","1004","Forfait Mixte S","24.27","2024-10-23","20","2191","74","700","Web"
"A1004_202410_2","1004","Forfait Mixte M","41.11","2024-10-22","28","803","880","984","POS"
"A1004_202411_1","1004","Forfait Voix Plus","58.4","2024-11-14","8","5902","276","124","USSD"
"A1004_202411_2","1004","Forfait Mixte S","34.21","2024-11-08","9","1456","509","1217","USSD"
"A1004_202412_1","1004","Forfait Data 5GB","70.03","2024-12-06","23","8158","708","583","Mobile App"
"A1004_202412_2","1004","Forfait Data 10GB","11.08","2024-12-01","29","9814","794","937","Web"
"A1004_202501_1","1004","Forfait Voix Plus","33.07","2025-01-24","26","7179","218","944","Web"
"A1004_202501_2","1004","Forfait Data 5GB","17.96","2025-01-25","17","7976","815","129","Web"
"A1005_202410_1","1005","Forfait Data 10GB","22.45","2024-10-04","21","7393","115","476","Mobile App"
"A1005_202410_2","1005","Forfait Data 5GB","27.19","2024-10-26","30","1072","390","295","Mobile App"
"A1005_202411_1","1005","Forfait Data 10GB","74.47","2024-11-02","6","11653","699","491","USSD"
"A1005_202411_2","1005","Forfait Data 10GB","77.73","2024-11-01","15","1853","359","1168","Mobile App"
"A1005_202412_1","1005","Forfait Mixte S","67.2","2024-12-04","22","1406","649","507","Mobile App"
"A1005_202412_2","1005","Forfait Mixte M","24.53","2024-12-12","23","11457","285","79","Web"
"A1005_202501_1","1005","Forfait Data 10GB","59.69","2025-01-04","18","7123","65","328","Web"
"A1005_202501_2","1005","Forfait Data 5GB","7.69","2025-01-18","11","11660","550","741","USSD"
"A1006_202410_1","1006","Forfait Mixte M","35.18","2024-10-10","11","8752","453","802","Mobile App"
"A1006_202410_2","1006","Forfait Voix Plus","49.55","2024-10-15","21","8836","510","429","Mobile App"
"A1006_202411_1","1006","Forfait Data 10GB","23.74","2024-11-03","18","398","346","499","Mobile App"
"A1006_202411_2","1006","Forfait Voix Plus","23.03","2024-11-20","23","3104","268","846","Mobile App"
"A1006_202412_1","1006","Forfait Data 5GB","54.85","2024-12-09","27","8172","323","671","Web"
"A1006_202412_2","1006","Forfait Data 10GB","20.74","2024-12-16","15","8032","474","1470","POS"
"A1006_202501_1","1006","Forfait Mixte M","24.15","2025-01-06","20","7153","725","658","Mobile App"
"A1006_202501_2","1006","Forfait Data 10GB","16.41","2025-01-20","4","3383","40","229","Mobile App"
"A1007_202410_1","1007","Forfait Mixte S","36.14","2024-10-14","30","1875","847","156","POS"
"A1007_202410_2","1007","Forfait Data 5GB","11.35","2024-10-02","20","8755","817","772","Mobile App"
"A1007_202411_1","1007","Forfait Mixte M","27.87","2024-11-12","13","1137","769","751","USSD"
"A1007_202411_2","1007","Forfait Mixte M","71.17","2024-11-23","8","6863","321","195","USSD"
"A1007_202412_1","1007","Forfait Voix Plus","40.06","2024-12-11","24","8742","275","266","Web"
"A1007_202412_2","1007","Forfait Mixte S","6.16","2024-12-23","1","7292","370","1462","USSD"
"A1007_202501_1","1007","Forfait Data 5GB","19.26","2025-01-20","4","8220","206","752","Mobile App"
"A1007_202501_2","1007","Forfait Mixte S","16.59","2025-01-10","16","6634","522","906","POS"
"A1008_202410_1","1008","Forfait Mixte M","64.12","2024-10-02","3","6133","62","1142","Web"
"A1008_202410_2","1008","Forfait Data 5GB","40.24","2024-10-26","10","7046","838","681","Mobile App"
"A1008_202411_1","1008","Forfait Data 10GB","73.48","2024-11-15","20","2128","90","144","Web"
"A1008_202411_2","1008","Forfait Mixte S","62.65","2024-11-17","27","4445","897","476","Mobile App"
"A1008_202412_1","1008","Forfait Voix Plus","11.17","2024-12-11","30","9768","795","1052","POS"
"A1008_202412_2","1008","Forfait Mixte M","10.05","2024-12-15","21","2802","286","957","Web"
"A1008_202501_1","1008","Forfait Data 5GB","22.74","2025-01-14","23","11194","328","390","Mobile App"
"A1008_202501_2","1008","Forfait Mixte S","73.95","2025-01-01","29","7911","403","886","Web"
"A1009_202410_1","1009","Forfait Mixte M","13.54","2024-10-13","24","8790","626","1155","Web"
"A1009_202410_2","1009","Forfait Data 10GB","14.3","2024-10-12","12","5267","235","1189","Mobile App"
"A1009_202411_1","1009","Forfait Data 10GB","81.82","2024-11-23","29","3034","774","46","USSD"
"A1009_202411_2","1009","Forfait Mixte M","25.4","2024-11-09","26","1509","847","987","Web"
"A1009_202412_1","1009","Forfait Voix Plus","27.67","2024-12-17","25","7665","479","744","POS"
"A1009_202412_2","1009","Forfait Data 5GB","25.26","2024-12-18","18","7788","725","963","Web"
"A1009_202501_1","1009","Forfait Mixte M","29.65","2025-01-06","27","8666","876","565","Mobile App"
"A1009_202501_2","1009","Forfait Data 10GB","24.38","2025-01-06","17","10805","516","862","USSD"
"A1010_202410_1","1010","Forfait Data 10GB","50.33","2024-10-23","24","9199","836","438","USSD"
"A1010_202410_2","1010","Forfait Mixte M","37.89","2024-10-20","17","4723","804","1073","Web"
"A1010_202411_1","1010","Forfait Mixte M","19.21","2024-11-26","28","8504","293","21","Web"
"A1010_202411_2","1010","Forfait Voix Plus","36.82","2024-11-27","30","11424","769","436","Mobile App"
"A1010_202412_1","1010","Forfait Data 10GB","34.3","2024-12-16","19","2681","873","692","USSD"
"A1010_202412_2","1010","Forfait Data 10GB","35.77","2024-12-21","8","3380","843","1004","Web"
"A1010_202501_1","1010","Forfait Mixte M","21.68","2025-01-09","2","672","553","814","USSD"
"A1010_202501_2","1010","Forfait Data 10GB","35.41","2025-01-25","21","2914","378","1320","POS"
"A1011_202410_1","1011","Forfait Data 5GB","82.21","2024-10-01","14","477","802","1157","Mobile App"
"A1011_202410_2","1011","Forfait Mixte M","84.85","2024-10-18","24","10432","280","665","USSD"
"A1011_202411_1","1011","Forfait Voix Plus","29.74","2024-11-17","28","9688","480","809","USSD"
"A1011_202411_2","1011","Forfait Data 10GB","56.76","2024-11-22","5","2045","459","1377","Web"
"A1011_202412_1","1011","Forfait Mixte S","15.69","2024-12-05","24","6379","695","79","Mobile App"
"A1011_202412_2","1011","Forfait Data 10GB","71.71","2024-12-04","24","7947","24","316","USSD"
"A1011_202501_1","1011","Forfait Mixte M","42.48","2025-01-16","19","9006","673","218","POS"
"A1011_202501_2","1011","Forfait Mixte M","75.96","2025-01-14","7","9352","134","856","Mobile App"
"A1012_202410_1","1012","Forfait Data 10GB","32.22","2024-10-20","21","10120","125","1440","Web"
"A1012_202410_2","1012","Forfait Voix Plus","38.84","2024-10-04","24","4555","42","819","Mobile App"
"A1012_202411_1","1012","Forfait Mixte M","9.14","2024-11-07","25","10943","495","656","POS"
"A1012_202411_2","1012","Forfait Data 10GB","38.73","2024-11-01","9","3442","55","1393","Web"
"A1012_202412_1","1012","Forfait Data 10GB","71.9","2024-12-03","29","3042","606","548","USSD"
"A1012_202412_2","1012","Forfait Data 5GB","30.42","2024-12-05","3","11498","805","1258","Web"
"A1012_202501_1","1012","Forfait Mixte S","47.78","2025-01-18","2","1039","830","1226","Mobile App"
"A1012_202501_2","1012","Forfait Data 10GB","52.61","2025-01-03","14","480","545","1417","Web"
"A1013_202410_1","1013","Forfait Mixte S","53.99","2024-10-05","10","553","64","101","Mobile App"
"A1013_202410_2","1013","Forfait Mixte M","66.82","2024-10-04","29","5193","66","272","Mobile App"
"A1013_202411_1","1013","Forfait Data 5GB","49.41","2024-11-20","17","808","426","958","Mobile App"
"A1013_202411_2","1013","Forfait Mixte S","58.3","2024-11-09","16","6464","655","1157","USSD"
"A1013_202412_1","1013","Forfait Mixte S","39.75","2024-12-08","9","2968","355","285","Mobile App"
"A1013_202412_2","1013","Forfait Data 10GB","71.58","2024-12-24","25","10704","509","215","Mobile App"
"A1013_202501_1","1013","Forfait Data 10GB","69.43","2025-01-18","28","2379","627","706","Web"
"A1013_202501_2","1013","Forfait Mixte M","30.54","2025-01-05","27","5906","816","728","Web"
"A1014_202410_1","1014","Forfait Data 5GB","33.99","2024-10-15","30","3231","370","569","Mobile App"
"A1014_202410_2","1014","Forfait Mixte M","53.83","2024-10-26","19","6083","330","623","USSD"
"A1014_202411_1","1014","Forfait Data 5GB","67.21","2024-11-23","26","4302","652","294","USSD"
"A1014_202411_2","1014","Forfait Data 5GB","78.07","2024-11-25","25","3844","752","556","Web"
"A1014_202412_1","1014","Forfait Mixte S","5.15","2024-12-16","28","7329","501","136","POS"
"A1014_202412_2","1014","Forfait Data 10GB","65.92","2024-12-16","30","413","43","828","POS"
"A1014_202501_1","1014","Forfait Data 10GB","37.65","2025-01-16","13","6771","569","159","Mobile App"
"A1014_202501_2","1014","Forfait Data 10GB","76.15","2025-01-02","28","10276","208","1317","USSD"
"A1015_202410_1","1015","Forfait Mixte S","58.12","2024-10-24","30","4833","114","690","USSD"
"A1015_202410_2","1015","Forfait Mixte S","31.42","2024-10-25","26","6941","353","505","USSD"
"A1015_202411_1","1015","Forfait Data 10GB","26.26","2024-11-21","11","7260","348","315","Web"
"A1015_202411_2","1015","Forfait Voix Plus","35.92","2024-11-25","24","1966","23","1085","Web"
"A1015_202412_1","1015","Forfait Mixte S","28.67","2024-12-10","23","4226","640","789","POS"
"A1015_202412_2","1015","Forfait Mixte M","53.34","2024-12-11","5","4396","560","1181","USSD"
"A1015_202501_1","1015","Forfait Data 10GB","24.21","2025-01-03","20","4469","641","1379","Web"
"A1015_202501_2","1015","Forfait Mixte M","33.21","2025-01-21","24","2705","597","454","Web"
"A1016_202410_1","1016","Forfait Mixte M","70.48","2024-10-07","25","9205","837","931","Mobile App"
"A1016_202410_2","1016","Forfait Data 5GB","32.49","2024-10-11","12","9338","581","1402","POS"
"A1016_202411_1","1016","Forfait Mixte M","48.08","2024-11-19","4","2563","372","27","Mobile App"
"A1016_202411_2","1016","Forfait Data 10GB","32.23","2024-11-23","12","1452","513","1339","USSD"
"A1016_202412_1","1016","Forfait Mixte S","40.22","2024-12-21","6","622","192","504","Mobile App"
"A1016_202412_2","1016","Forfait Mixte S","69.89","2024-12-05","14","4929","745","851","Web"
"A1016_202501_1","1016","Forfait Mixte M","6.25","2025-01-24","17","5351","332","1035","Mobile App"
"A1016_202501_2","1016","Forfait Voix Plus","50.9","2025-01-19","28","1504","605","1135","Mobile App"
"A1017_202410_1","1017","Forfait Mixte M","30.53","2024-10-22","25","11405","827","1450","Mobile App"
"A1017_202410_2","1017","Forfait Data 5GB","50.26","2024-10-24","9","4023","417","1067","Mobile App"
"A1017_202411_1","1017","Forfait Mixte M","84.73","2024-11-21","3","9027","350","1095","USSD"
"A1017_202411_2","1017","Forfait Mixte S","11.14","2024-11-21","29","9077","583","42","Mobile App"
"A1017_202412_1","1017","Forfait Voix Plus","6.31","2024-12-20","7","8500","125","756","POS"
"A1017_202412_2","1017","Forfait Data 10GB","32.49","2024-12-17","25","10430","882","323","USSD"
"A1017_202501_1","1017","Forfait Data 5GB","84.66","2025-01-10","15","5084","896","542","USSD"
"A1017_202501_2","1017","Forfait Data 10GB","69.71","2025-01-06","3","4608","393","1419","Mobile App"
"A1018_202410_1","1018","Forfait Data 5GB","27.92","2024-10-11","18","3213","264","378","POS"
"A1018_202410_2","1018","Forfait Mixte S","65.09","2024-10-20","11","447","845","419","USSD"
"A1018_202411_1","1018","Forfait Data 10GB","40.09","2024-11-16","18","5609","699","1065","Mobile App"
"A1018_202411_2","1018","Forfait Mixte M","31.82","2024-11-19","15","6558","831","1005","Mobile App"
"A1018_202412_1","1018","Forfait Data 5GB","58.18","2024-12-08","16","2523","93","217","USSD"
"A1018_202412_2","1018","Forfait Data 10GB","20.21","2024-12-16","11","9884","537","190","USSD"
"A1018_202501_1","1018","Forfait Data 5GB","47.83","2025-01-02","26","328","173","602","USSD"
"A1018_202501_2","1018","Forfait Voix Plus","8.41","2025-01-09","14","7510","373","926","POS"
"A1019_202410_1","1019","Forfait Mixte S","15.68","2024-10-01","15","2119","399","1268","USSD"
"A1019_202410_2","1019","Forfait Mixte S","59.62","2024-10-07","9","7246","144","1441","USSD"
"A1019_202411_1","1019","Forfait Voix Plus","15.71","2024-11-01","23","3674","360","660","POS"
"A1019_202411_2","1019","Forfait Mixte S","43.59","2024-11-10","4","5219","99","870","Mobile App"
"A1019_202412_1","1019","Forfait Voix Plus","23.39","2024-12-01","30","7374","418","191","Web"
"A1019_202412_2","1019","Forfait Mixte S","44.73","2024-12-11","28","7517","318","1457","Mobile App"
"A1019_202501_1","1019","Forfait Data 5GB","35.11","2025-01-14","4","1222","619","1481","Web"
"A1019_202501_2","1019","Forfait Data 5GB","31.53","2025-01-13","30","8853","119","794","POS"
"A1020_202410_1","1020","Forfait Mixte M","66.52","2024-10-07","6","10179","75","1015","POS"
"A1020_202410_2","1020","Forfait Mixte S","77.47","2024-10-11","29","9943","564","165","Web"
"A1020_202411_1","1020","Forfait Voix Plus","71.92","2024-11-07","15","1706","24","191","Mobile App"
"A1020_202411_2","1020","Forfait Mixte M","6.04","2024-11-20","5","11763","81","851","POS"
"A1020_202412_1","1020","Forfait Voix Plus","43.75","2024-12-09","16","4156","185","416","POS"
"A1020_202412_2","1020","Forfait Data 10GB","30.54","2024-12-24","11","5878","273","985","Mobile App"
"A1020_202501_1","1020","Forfait Voix Plus","13.08","2025-01-06","22","6572","606","441","Mobile App"
"A1020_202501_2","1020","Forfait Data 5GB","25.01","2025-01-04","25","10771","396","110","Web"
"A1021_202410_1","1021","Forfait Mixte M","50.23","2024-10-27","10","2306","855","55","Mobile App"
"A1021_202410_2","1021","Forfait Voix Plus","19.3","2024-10-10","3","7340","160","760","USSD"
"A1021_202411_1","1021","Forfait Data 5GB","8.44","2024-11-03","11","3977","99","441","POS"
"A1021_202411_2","1021","Forfait Data 10GB","78.35","2024-11-03","10","944","224","453","POS"
"A1021_202412_1","1021","Forfait Data 10GB","29.94","2024-12-19","30","8947","116","1062","Mobile App"
"A1021_202412_2","1021","Forfait Data 10GB","29.15","2024-12-16","9","7477","800","474","Web"
"A1021_202501_1","1021","Forfait Mixte M","19.32","2025-01-20","21","502","330","1006","POS"
"A1021_202501_2","1021","Forfait Data 5GB","55.88","2025-01-08","27","2611","753","1368","USSD"
"A1022_202410_1","1022","Forfait Data 5GB","68.25","2024-10-22","23","6763","754","1243","Web"
"A1022_202410_2","1022","Forfait Data 5GB","26.47","2024-10-03","18","2600","640","1291","USSD"
"A1022_202411_1","1022","Forfait Mixte S","12.32","2024-11-11","14","743","303","1305","Web"
"A1022_202411_2","1022","Forfait Mixte S","52","2024-11-26","1","10361","721","209","USSD"
"A1022_202412_1","1022","Forfait Mixte M","18.08","2024-12-18","25","8643","318","1097","POS"
"A1022_202412_2","1022","Forfait Mixte M","22.59","2024-12-26","1","5415","645","1044","POS"
"A1022_202501_1","1022","Forfait Mixte S","22.21","2025-01-12","19","3651","372","631","Mobile App"
"A1022_202501_2","1022","Forfait Mixte M","42.71","2025-01-14","2","970","722","722","Web"
"A1023_202410_1","1023","Forfait Mixte M","17.55","2024-10-04","6","406","195","984","USSD"
"A1023_202410_2","1023","Forfait Mixte M","45.53","2024-10-03","30","10357","724","919","Web"
"A1023_202411_1","1023","Forfait Mixte S","50.98","2024-11-23","23","2616","279","1404","Web"
"A1023_202411_2","1023","Forfait Mixte S","21.06","2024-11-25","9","9082","890","1423","Mobile App"
"A1023_202412_1","1023","Forfait Data 10GB","39.63","2024-12-21","21","5141","570","557","POS"
"A1023_202412_2","1023","Forfait Data 10GB","55.89","2024-12-17","17","2938","314","690","Mobile App"
"A1023_202501_1","1023","Forfait Mixte S","50.38","2025-01-20","3","6310","598","439","Mobile App"
"A1023_202501_2","1023","Forfait Voix Plus","18.99","2025-01-08","10","4564","297","1246","POS"
"A1024_202410_1","1024","Forfait Mixte S","14.55","2024-10-23","2","9047","387","1271","USSD"
"A1024_202410_2","1024","Forfait Data 10GB","39.88","2024-10-07","6","10742","672","894","USSD"
"A1024_202411_1","1024","Forfait Data 10GB","24.38","2024-11-13","14","6554","437","671","USSD"
"A1024_202411_2","1024","Forfait Data 5GB","26.44","2024-11-22","28","9602","729","1264","Web"
"A1024_202412_1","1024","Forfait Mixte S","57.86","2024-12-26","6","4822","405","1004","Mobile App"
"A1024_202412_2","1024","Forfait Mixte S","74.53","2024-12-14","22","5365","865","1111","Web"
"A1024_202501_1","1024","Forfait Data 10GB","34.83","2025-01-03","5","9561","304","400","Web"
"A1024_202501_2","1024","Forfait Data 5GB","50.83","2025-01-08","30","8345","613","1399","Web"
"A1025_202410_1","1025","Forfait Data 5GB","29.52","2024-10-24","8","1166","545","572","Web"
"A1025_202410_2","1025","Forfait Data 5GB","83.25","2024-10-26","10","3353","724","1129","Mobile App"
"A1025_202411_1","1025","Forfait Voix Plus","77.52","2024-11-17","15","11469","760","583","USSD"
"A1025_202411_2","1025","Forfait Voix Plus","10.02","2024-11-20","19","3683","329","643","POS"
"A1025_202412_1","1025","Forfait Data 5GB","49.82","2024-12-24","26","7602","672","1258","POS"
"A1025_202412_2","1025","Forfait Data 10GB","48.44","2024-12-13","24","3414","34","224","Web"
"A1025_202501_1","1025","Forfait Voix Plus","13.68","2025-01-01","6","9723","250","1153","USSD"
"A1025_202501_2","1025","Forfait Mixte S","63.43","2025-01-22","1","677","804","590","POS"
"A1026_202410_1","1026","Forfait Voix Plus","6.56","2024-10-21","12","9641","609","1108","Mobile App"
"A1026_202410_2","1026","Forfait Voix Plus","30.69","2024-10-01","24","9171","111","1214","Mobile App"
"A1026_202411_1","1026","Forfait Data 10GB","39.61","2024-11-15","27","1191","638","26","Web"
"A1026_202411_2","1026","Forfait Mixte M","19.22","2024-11-02","3","5537","767","474","Web"
"A1026_202412_1","1026","Forfait Voix Plus","33.33","2024-12-04","23","7752","800","485","POS"
"A1026_202412_2","1026","Forfait Data 5GB","51.93","2024-12-24","3","4059","763","1054","USSD"
"A1026_202501_1","1026","Forfait Data 5GB","16","2025-01-17","2","4573","664","1152","Web"
"A1026_202501_2","1026","Forfait Mixte S","4.71","2025-01-01","17","6260","373","756","POS"
"A1027_202410_1","1027","Forfait Mixte M","42.48","2024-10-24","27","6507","66","1078","Mobile App"
"A1027_202410_2","1027","Forfait Data 10GB","37.56","2024-10-03","11","6092","403","91","Mobile App"
"A1027_202411_1","1027","Forfait Mixte M","11.2","2024-11-27","8","7795","603","1029","POS"
"A1027_202411_2","1027","Forfait Voix Plus","25.01","2024-11-23","11","6807","725","235","Web"
"A1027_202412_1","1027","Forfait Data 5GB","7.93","2024-12-09","26","2884","401","1166","USSD"
"A1027_202412_2","1027","Forfait Mixte S","17.16","2024-12-27","28","8682","420","448","USSD"
"A1027_202501_1","1027","Forfait Data 5GB","31.6","2025-01-07","30","4557","502","1368","POS"
"A1027_202501_2","1027","Forfait Data 10GB","66.72","2025-01-04","17","3737","36","916","Mobile App"
"A1028_202410_1","1028","Forfait Data 10GB","61.84","2024-10-12","23","653","610","571","USSD"
"A1028_202410_2","1028","Forfait Mixte M","39.94","2024-10-22","25","2283","480","1425","Mobile App"
"A1028_202411_1","1028","Forfait Data 10GB","59.79","2024-11-22","7","3752","307","653","Web"
"A1028_202411_2","1028","Forfait Mixte M","89.36","2024-11-21","13","10170","708","1469","USSD"
"A1028_202412_1","1028","Forfait Data 5GB","4.41","2024-12-19","29","5637","763","1081","Web"
"A1028_202412_2","1028","Forfait Data 10GB","49.88","2024-12-06","30","7679","862","259","POS"
"A1028_202501_1","1028","Forfait Data 10GB","46.2","2025-01-16","15","11576","450","559","Mobile App"
"A1028_202501_2","1028","Forfait Mixte S","65.14","2025-01-26","12","3356","703","1053","POS"
"A1029_202410_1","1029","Forfait Voix Plus","48.4","2024-10-24","20","6197","138","159","Web"
"A1029_202410_2","1029","Forfait Mixte S","43.22","2024-10-19","15","3690","637","926","USSD"
"A1029_202411_1","1029","Forfait Mixte S","47.93","2024-11-22","25","684","773","963","Mobile App"
"A1029_202411_2","1029","Forfait Mixte S","71.8","2024-11-23","5","7025","233","650","Mobile App"
"A1029_202412_1","1029","Forfait Voix Plus","53.51","2024-12-11","2","10639","37","1203","Web"
"A1029_202412_2","1029","Forfait Mixte M","52.42","2024-12-07","16","7686","605","38","Mobile App"
"A1029_202501_1","1029","Forfait Data 10GB","16.1","2025-01-14","28","8405","273","1231","POS"
"A1029_202501_2","1029","Forfait Mixte M","10.34","2025-01-13","13","11844","235","847","POS"
"A1030_202410_1","1030","Forfait Data 10GB","52.21","2024-10-03","5","9505","643","954","Web"
"A1030_202410_2","1030","Forfait Data 10GB","61.89","2024-10-14","13","10581","404","1019","POS"
"A1030_202411_1","1030","Forfait Voix Plus","24.27","2024-11-02","30","698","663","473","USSD"
"A1030_202411_2","1030","Forfait Data 5GB","35.11","2024-11-26","20","5139","890","631","Web"
"A1030_202412_1","1030","Forfait Data 10GB","42.58","2024-12-12","15","6518","235","709","Mobile App"
"A1030_202412_2","1030","Forfait Mixte S","34.2","2024-12-05","16","11504","496","484","Web"
"A1030_202501_1","1030","Forfait Mixte M","88.25","2025-01-16","2","544","738","1461","USSD"
"A1030_202501_2","1030","Forfait Mixte S","41.2","2025-01-26","15","8643","110","1252","USSD"
"A1031_202410_1","1031","Forfait Data 10GB","7.03","2024-10-04","11","2537","370","1226","USSD"
"A1031_202410_2","1031","Forfait Data 10GB","34.88","2024-10-03","5","9756","95","710","Web"
"A1031_202411_1","1031","Forfait Mixte S","19.14","2024-11-07","8","7753","802","1406","Web"
"A1031_202411_2","1031","Forfait Voix Plus","13.61","2024-11-10","11","1642","519","380","Web"
"A1031_202412_1","1031","Forfait Data 5GB","49.79","2024-12-04","24","7616","810","582","POS"
"A1031_202412_2","1031","Forfait Mixte S","81.21","2024-12-12","11","1421","713","604","POS"
"A1031_202501_1","1031","Forfait Mixte S","30.11","2025-01-05","24","8376","814","1061","Web"
"A1031_202501_2","1031","Forfait Data 5GB","4.61","2025-01-20","25","7297","387","1107","Mobile App"
"A1032_202410_1","1032","Forfait Mixte S","26.75","2024-10-21","26","2206","685","1149","POS"
"A1032_202410_2","1032","Forfait Data 10GB","82.39","2024-10-10","27","7876","808","802","USSD"
"A1032_202411_1","1032","Forfait Data 5GB","43.15","2024-11-05","16","7056","529","311","Mobile App"
"A1032_202411_2","1032","Forfait Data 5GB","30.2","2024-11-20","22","1705","378","906","POS"
"A1032_202412_1","1032","Forfait Mixte M","48.81","2024-12-12","13","10200","567","1436","POS"
"A1032_202412_2","1032","Forfait Voix Plus","10.85","2024-12-06","15","1545","472","1435","POS"
"A1032_202501_1","1032","Forfait Mixte M","32.83","2025-01-21","21","5711","312","1240","USSD"
"A1032_202501_2","1032","Forfait Voix Plus","20.21","2025-01-04","8","5255","201","799","Web"
"A1033_202410_1","1033","Forfait Mixte M","11.29","2024-10-13","1","302","391","1162","USSD"
"A1033_202410_2","1033","Forfait Mixte S","63.7","2024-10-14","6","7500","589","754","POS"
"A1033_202411_1","1033","Forfait Data 5GB","23.86","2024-11-14","14","8214","466","283","POS"
"A1033_202411_2","1033","Forfait Data 10GB","57.6","2024-11-25","27","5164","414","550","USSD"
"A1033_202412_1","1033","Forfait Mixte S","30.67","2024-12-26","11","7666","451","408","Web"
"A1033_202412_2","1033","Forfait Voix Plus","60.64","2024-12-07","11","10987","231","791","USSD"
"A1033_202501_1","1033","Forfait Data 10GB","25.32","2025-01-19","21","541","509","632","Mobile App"
"A1033_202501_2","1033","Forfait Mixte M","28.56","2025-01-22","27","11564","570","267","USSD"
"A1034_202410_1","1034","Forfait Data 5GB","26.58","2024-10-12","20","4021","388","597","Mobile App"
"A1034_202410_2","1034","Forfait Voix Plus","14.52","2024-10-19","9","5026","530","148","Mobile App"
"A1034_202411_1","1034","Forfait Voix Plus","31.85","2024-11-01","4","5839","293","829","Mobile App"
"A1034_202411_2","1034","Forfait Mixte M","40.13","2024-11-14","5","1408","709","827","Web"
"A1034_202412_1","1034","Forfait Data 10GB","34.94","2024-12-22","2","2734","771","1339","Mobile App"
"A1034_202412_2","1034","Forfait Data 10GB","12.14","2024-12-20","24","8918","736","262","Web"
"A1034_202501_1","1034","Forfait Mixte S","22.19","2025-01-12","10","7557","643","1159","POS"
"A1034_202501_2","1034","Forfait Voix Plus","11.12","2025-01-25","18","6040","435","785","Mobile App"
"A1035_202410_1","1035","Forfait Voix Plus","37.53","2024-10-09","22","10747","194","831","Web"
"A1035_202410_2","1035","Forfait Data 10GB","20.56","2024-10-15","6","3212","238","894","Mobile App"
"A1035_202411_1","1035","Forfait Mixte M","56.81","2024-11-17","19","6834","305","392","Web"
"A1035_202411_2","1035","Forfait Data 10GB","53.75","2024-11-06","7","7842","594","994","Web"
"A1035_202412_1","1035","Forfait Data 10GB","72.56","2024-12-23","11","10898","341","251","POS"
"A1035_202412_2","1035","Forfait Mixte M","71.03","2024-12-14","17","10861","791","475","POS"
"A1035_202501_1","1035","Forfait Data 10GB","9.26","2025-01-20","4","4396","422","1181","USSD"
"A1035_202501_2","1035","Forfait Data 10GB","51.44","2025-01-25","22","5454","393","1480","Mobile App"
"A1036_202410_1","1036","Forfait Data 5GB","5.41","2024-10-13","15","8007","287","196","Web"
"A1036_202410_2","1036","Forfait Data 10GB","28.23","2024-10-09","30","5671","682","1460","Web"
"A1036_202411_1","1036","Forfait Data 10GB","11.85","2024-11-06","16","9127","786","465","USSD"
"A1036_202411_2","1036","Forfait Mixte M","17.55","2024-11-12","17","8793","750","1368","Mobile App"
"A1036_202412_1","1036","Forfait Voix Plus","53.8","2024-12-18","12","11839","428","118","Mobile App"
"A1036_202412_2","1036","Forfait Mixte S","40.7","2024-12-07","20","4203","752","1196","USSD"
"A1036_202501_1","1036","Forfait Data 10GB","28.97","2025-01-18","15","8423","713","65","Mobile App"
"A1036_202501_2","1036","Forfait Mixte M","33.51","2025-01-03","16","2691","561","1081","POS"
"A1037_202410_1","1037","Forfait Mixte M","36.53","2024-10-15","8","2645","513","768","USSD"
"A1037_202410_2","1037","Forfait Mixte S","63.44","2024-10-23","24","10876","521","581","USSD"
"A1037_202411_1","1037","Forfait Data 10GB","71.08","2024-11-25","6","5424","466","1079","USSD"
"A1037_202411_2","1037","Forfait Mixte S","29.13","2024-11-20","1","1950","410","901","USSD"
"A1037_202412_1","1037","Forfait Data 10GB","74.16","2024-12-27","11","895","93","676","POS"
"A1037_202412_2","1037","Forfait Mixte S","73.4","2024-12-23","18","7091","64","643","USSD"
"A1037_202501_1","1037","Forfait Data 10GB","14.07","2025-01-17","13","10903","698","1119","Mobile App"
"A1037_202501_2","1037","Forfait Data 5GB","54.66","2025-01-12","29","3303","324","1304","POS"
"A1038_202410_1","1038","Forfait Mixte S","45.58","2024-10-05","22","5900","70","1493","Web"
"A1038_202410_2","1038","Forfait Mixte S","68.4","2024-10-27","1","6201","127","472","Mobile App"
"A1038_202411_1","1038","Forfait Data 5GB","53.93","2024-11-16","3","6820","159","1242","POS"
"A1038_202411_2","1038","Forfait Mixte M","69.64","2024-11-26","21","5680","592","961","Web"
"A1038_202412_1","1038","Forfait Voix Plus","70.84","2024-12-20","27","3425","382","850","Web"
"A1038_202412_2","1038","Forfait Data 10GB","50.34","2024-12-19","4","10438","103","856","POS"
"A1038_202501_1","1038","Forfait Data 5GB","40.78","2025-01-11","27","4706","828","109","Web"
"A1038_202501_2","1038","Forfait Voix Plus","49.92","2025-01-22","3","6439","318","1110","Web"
"A1039_202410_1","1039","Forfait Mixte S","20.28","2024-10-17","13","4584","827","1434","POS"
"A1039_202410_2","1039","Forfait Data 5GB","37.62","2024-10-25","14","2890","204","88","POS"
"A1039_202411_1","1039","Forfait Mixte S","13.73","2024-11-11","24","9460","187","910","USSD"
"A1039_202411_2","1039","Forfait Data 5GB","18.3","2024-11-22","21","10704","24","942","POS"
"A1039_202412_1","1039","Forfait Data 5GB","62.92","2024-12-19","3","3388","465","223","USSD"
"A1039_202412_2","1039","Forfait Data 10GB","44.57","2024-12-01","22","7534","88","686","USSD"
"A1039_202501_1","1039","Forfait Data 5GB","8.82","2025-01-26","20","3862","201","242","Web"
"A1039_202501_2","1039","Forfait Mixte M","7.36","2025-01-25","8","6761","45","1240","POS"
"A1040_202410_1","1040","Forfait Data 10GB","56.54","2024-10-15","29","10862","696","126","Web"
"A1040_202410_2","1040","Forfait Data 10GB","41.67","2024-10-03","21","8624","350","366","Mobile App"
"A1040_202411_1","1040","Forfait Data 5GB","9.17","2024-11-08","4","3447","108","213","Web"
"A1040_202411_2","1040","Forfait Data 10GB","58.39","2024-11-06","1","4018","92","1360","Web"
"A1040_202412_1","1040","Forfait Data 10GB","8.35","2024-12-03","18","3103","448","350","POS"
"A1040_202412_2","1040","Forfait Data 5GB","11.83","2024-12-11","25","11523","622","927","Mobile App"
"A1040_202501_1","1040","Forfait Voix Plus","44.51","2025-01-12","26","3436","405","430","Mobile App"
"A1040_202501_2","1040","Forfait Voix Plus","32.22","2025-01-03","3","6361","26","1199","Web"
